displayName,category,workCount,action
年上,エロ,9,
学園,学園,6,
実写版,,5,
サークル,,4,
セックス,属性,4,
年下,Category,4,
タワーマンション,シチュエーション,3,
バージョン,,3,
フルカラーコミック,,3,
先輩後輩,Category,3,
同梱,,3,
清楚,,3,
異世界,シチュエーション,3,
3P,Plot,2,
Boys,,2,
SNS,,2,
エロ,エロ,2,
オリジナル,,2,
カラミ,,2,
カード,学園,2,
サイクロン,,2,
ズップス,,2,
セフレ,職業/関係性,2,
テニス,,2,
ハメ撮り,Category,2,
バレ,,2,
フルカラ,,2,
レビュ,,2,
台詞,,2,
大学生,職業,2,
学園恋愛,学園・恋愛,2,
学園生活,シチュエーション,2,
年上/年下,作品,2,
搾精,,2,
整体師,,2,
暴力,暴力,2,
穴,,2,
調教,,2,
1ヶ月,属性,1,
2025,同人誌,1,
2週連続,内容,1,
36p,,1,
36ページ,同人誌,1,
4P,先端,1,
ASMR,,1,
Anal,Sexual Activity,1,
BBドバイちゃん,キャラクター,1,
Black Girl,Character,1,
Bondage,属性,1,
C107会場限定本,Fiction,1,
Chaos & Punishment,Romance,1,
Chastity,属性,1,
Coercion,Theme,1,
Date,シチュエーション,1,
FANZA,,1,
Familial Bond,Romance,1,
Fantasy,Genre,1,
Forced Sex,Sexual Activity,1,
Horror,Genre,1,
Kurogane Sora,Fiction,1,
Love,,1,
Lover,シチュエーション,1,
Magician,Fantasy,1,
Part2,,1,
Revenge,Theme,1,
Rookie×Senior,Drama/Romance,1,
SNS忌避,ノベルティ,1,
School Life,Genre,1,
Teacher/Student,Relationship,1,
Total462sh,,1,
Two-Part Story,シチュエーション,1,
YAOI/YURI,Genre,1,
comiket107,同人誌,1,
translatio,,1,
いぼ,Content,1,
おmeshan,属性,1,
アクリルフィギュア,,1,
アダルトグッズ,,1,
アニメ,,1,
アリカ,キャラクター,1,
イケナイセックス,禁断の恋,1,
イラスト,,1,
イラチオ,性行,1,
インターンシップ,内容,1,
エステ,シチュエーション,1,
エロい格好,属性,1,
エロラブ,ジャンル,1,
カップル,,1,
カラーイラスト,,1,
ガマン,,1,
キメセク,,1,
キャップ,,1,
キャラクターシリーズ,Genre,1,
キャラプロフィール,,1,
キャンパスライフ,シチュエーション,1,
ギルドパーティー,シチュエーション,1,
クズ男,シチュエーション,1,
クラス,,1,
クラスメイト,,1,
クンニ,セクシーやエッチなシーン,1,
グルメ,シチュエーション,1,
コスチューム,,1,
コスチュームプレイ,スタート/作品題材,1,
コスプレSEX,シチュエーション,1,
コンシェルジュ,,1,
サイズ,,1,
サキの肉食,作品,1,
サッカー部,Sports,1,
シコ,,1,
シリーズ2,作品,1,
シリーズ完結,シリーズ完結,1,
スキル,技法,1,
スパイラル,タグ,1,
スペシャルマッサージ,属性,1,
セクシュアルコントロール,Content,1,
セックスレス,,1,
タグ名,カテゴリ,1,
ダブルフェチ,性行,1,
チンポ,,1,
チート,技法,1,
チートアイテム,属性,1,
チートマッサージ,エロ,1,
チートマッサージ店,タイトル/or/オタク用,1,
ティッシュ,,1,
デカモグラフィー,エロシチュエーション,1,
デカ乳ハメ撮り,エロシチュエーション,1,
デリヘル,,1,
トイレ,,1,
トラブル,Plot,1,
ドM,,1,
ドS,,1,
ドスケベ,性活,1,
ナタリヤ,,1,
ネビュラ会員制,エロシチュエーション,1,
ノベルティ,ノベルティ,1,
ノンシンセ,ノンシンセ,1,
ノンストップ,,1,
ノンフィクション,,1,
ハニートラップ,Plot,1,
ハマ,,1,
ハードエロ,,1,
ハーレム,関係性,1,
バンドマン,,1,
パイズリ,性行,1,
パート,スタート/作品題材,1,
パートナ,,1,
ビジネスホテル,シチュエーション,1,
ビッチ部シリーズ,シリーズ,1,
ファイル,,1,
フリータ,,1,
フルカラー,,1,
フルカラーデジタルコミック,,1,
フレンドシーシーズ,シチュエーション,1,
ブラウザ,,1,
プレリクル,Genre,1,
プロフェッショナルなセックス,人体,1,
ベテラン,内容,1,
ホテル,情動,1,
ホームステイ,,1,
ボリューム,,1,
ボーディタッチ,,1,
ボーナス,同人誌,1,
マイクロビキニ,,1,
マイケル,,1,
マグロ,,1,
マスターベーション,シチュエーション,1,
マゾヒズム,Content,1,
マッチング,エロティック,1,
マットレス,,1,
マンション,,1,
マンションオーナー,シチュエーション,1,
ムーン・ドバイ案件,シチュエーション,1,
メイド,学園・メイド文化,1,
メイド教育,シチュエーション,1,
メロンブックス,,1,
メンエス,スタート/作品題材,1,
ヤオイ,Genre,1,
ヤリマン,性活,1,
ヤンデレ,Genre,1,
ラチ男,Character,1,
ラブホテル,,1,
ランキング,,1,
ラーメン,,1,
ループ,,1,
レズプレイ,Situation,1,
レポ漫画,,1,
ワケ,,1,
一人暮,,1,
一晩中可愛,,1,
一般同人誌,,1,
七沢,,1,
三人女子冒険者,属性,1,
下品なセリフ,属性,1,
下濃鈴々,人物,1,
不出来,,1,
中出し,文学,1,
中編,,1,
九州編,シチュエーション,1,
乳首責め,シチュエーション,1,
事情,,1,
二人の恋,シチュエーション,1,
二作目,,1,
二重性,性・暴力,1,
交渉,タグ,1,
人妻,属性,1,
人妻幼馴染,,1,
仲間,関係性,1,
会社員,,1,
体験談,内容,1,
保育士,属性,1,
借金,,1,
偶然瑠衣,,1,
傑作同人,,1,
兄妹,Relationship,1,
先端,先端,1,
先輩2,作品,1,
先輩メイド,先輩・学園,1,
全世界公開,Situation,1,
公道から,シチュエーション,1,
公開調教,Situation,1,
内容物,,1,
冬の告白,Romance,1,
凌●,Sexual Content,1,
処女,属性,1,
出来事,,1,
初体験,性行,1,
初冬,,1,
初恋,初恋,1,
別荘,Setting,1,
刺激的,,1,
前編,,1,
剣道,Sports,1,
博多,,1,
友人,,1,
反乱,シチュエーション,1,
受験生,,1,
同級生,関係性,1,
嘘つき,情動,1,
四六時中,,1,
地味な女子,キャラクター,1,
場合,,1,
変態性欲,属性,1,
夏休,,1,
夏期補習,,1,
夜のセクスプレイ,属性,1,
天真爛漫,属性,1,
女二人組,,1,
女体化,属性,1,
女好き,属性,1,
女性,属性,1,
女性からフェラ,文学,1,
奴隷,性・暴力,1,
妊娠,Content,1,
妊娠サブタグ,妊娠サブタグ,1,
妊娠禁,属性,1,
妻の体験,シチュエーション,1,
委員会,学園,1,
嫉妬,テーマ,1,
嫌悪感,性暴力,1,
学園の同期,学園,1,
学園スライム,設定,1,
学園メイド,学園・メイド,1,
学園モノガタリ,学園,1,
学園占有,属性,1,
学園惨劇,シチュエーション,1,
学園直接続編,状況,1,
学園貯水設備,場所,1,
学校訪問,,1,
家庭,家庭,1,
家政婦,,1,
家族,Family,1,
家族同棓,シチュエーション,1,
寝取り,ネタ,1,
対人恐怖症,,1,
専属エステシャン,シチュエーション,1,
専属搾精官,属性,1,
専業主婦,,1,
小説,,1,
屋敷,シチュエーション,1,
年上お姉さん,属性,1,
年上の夫婦,属性,1,
年上の女性,性別属性,1,
年上女性,属性,1,
年上年下,属性,1,
年下女性,属性,1,
幼馴染,Relationship,1,
強面の男,属性,1,
待機,シチュエーション,1,
後日配信予定,,1,
後輩は陰キャ,人物,1,
快楽,性・暴力,1,
思惑交錯,シチュエーション,1,
性感,シチュエーション,1,
性感エステ,,1,
性指導員,,1,
性暴力,性暴力,1,
性格,,1,
性欲,属性,1,
性欲処理,,1,
性風俗,内容,1,
恋愛,エロティック,1,
成人版,,1,
成長する妖魔,属性,1,
所属,,1,
手コキ,文学,1,
担任のメイド,学園・メイド,1,
指定校推薦,,1,
接遇,属性,1,
搾乳,性内容,1,
搾精課ギャル3P搾精,シチュエーション,1,
放題,,1,
政治家,Politics,1,
教育,学園・メイド文化,1,
日本一恥ずかしい露天風呂,シチュエーション,1,
春衡伯爵家,,1,
暗いヒロイン,キャラクター,1,
暗殺者,属性,1,
暗黒,暗黒,1,
暗黒な管理職,シチュエーション,1,
最弱スキル,属性,1,
月面,シチュエーション,1,
未来ファンタジー,シチュエーション,1,
村の習俗,文学,1,
森,Setting,1,
極貧,エロティック,1,
正常位,シチュエーション,1,
残業黒会社,シチュエーション,1,
母子家庭,,1,
母性愛,属性,1,
気弱女子,,1,
気持,,1,
淫乱,淫乱,1,
混乱,感情・状態,1,
混浴,シチュエーション,1,
渡りに船,シチュエーション,1,
温泉,シチュエーション,1,
温泉,シチュエーション,1,
温泉エステ,シチュエーション,1,
温泉店,状況,1,
漫画本文,,1,
潜入任務,シチュエーション,1,
潮吹き,シチュエーション,1,
無口,,1,
無様乱交,エロシチュエーション,1,
無着,属性,1,
無責任中出し,属性,1,
爆乳,,1,
牛柄ビキニ,衣着,1,
特殊部隊,タグ,1,
狂わす性感,シチュエーション,1,
狩人と獲物,Dynamic,1,
猟奇,性暴力,1,
生配信,Situation,1,
男女比20:1,シチュエーション,1,
異変,シチュエーション,1,
異常な女の子,属性,1,
異種姦,性内容,1,
痴女,エロ,1,
相席,シチュエーション,1,
相席居酒屋,シチュエーション,1,
礼儀正,,1,
禁断の恋シリーズ完結,シリーズ完結,1,
禁断関係,関係性,1,
秘密,ノベルティ,1,
立華瑠衣,,1,
精子バンク,,1,
精液美容成分,シチュエーション,1,
純愛,エロティック,1,
紙版同人誌,,1,
素朴な性格,属性,1,
紳士的,,1,
経営不振,スタート/作品題材,1,
絞られる,作品,1,
総集編,,1,
総集編用描,,1,
罠,Plot,1,
美容の源,シチュエーション,1,
羞恥プレイ,Situation,1,
職場搾精,シチュエーション,1,
肉体関係,,1,
脚色,演出,1,
脱衣,属性,1,
自分,,1,
自己開発,,1,
良過,,1,
英訳版,,1,
藤森里穂,,1,
表紙絵柄,,1,
裏モノ,ノベルティ,1,
補習授業,,1,
触手と聖職者たちのイキ様,性行為、触手主体,1,
触手のイキと催淫毒,感覚責め、触手主体,1,
触手のクンニ地獄,性行為、触手主体,1,
触手のバイブ無限絶頂,性行為、触手主体,1,
触手の感覚遮断穴,性行為、触手主体,1,
訪問マッサージ,,1,
話漫画動画,,1,
誘惑,タグ,1,
超名器,,1,
超美人,属性,1,
路地裏,,1,
転の軍事国家,属性,1,
近親相姦,性暴力,1,
迷宮,シチュエーション,1,
退職代行,,1,
逆流,,1,
通販番組風形式,商業形式,1,
連れ子の関係,Relationship,1,
道中立,,1,
選抜選手,,1,
部下,,1,
都合のいい,,1,
配達員,属性,1,
野蛮兵士,属性,1,
金城遙華,,1,
金欠バイト,バイト・学園,1,
電マ,シチュエーション,1,
電子版,同人誌,1,
電子版限定,,1,
青春ラブコメディ,ジャンル,1,
顔射中出し,エロシチュエーション,1,
風俗,シチュエーション,1,
高校,School,1,
魔法使い,属性,1,
黒ギャル,属性,1,
黒棒消し,シチュエーション,1,
黒海苔修正,,1,
黒白ギャルバトル,関係性,1,
鼠径部マッサージ,シチュエーション,1,